point,Masked Pair Encoder,GPT-2 causal,OLS,3NN,Averaging,"2-layer NN, Adam"
0,1.0469009399414062,0.9838716506958007,0.9792388916015625,0.9792388916015625,0.9792388916015625,0.9792388916015625
5,0.6792975425720215,0.6840177536010742,1.0107501029968262,0.8106831550598145,4.972517395019532,0.708867073059082
10,0.5714448928833008,0.5480420589447021,1.2226432800292968,0.6803738594055175,2.8968677520751953,0.5844804763793945
20,0.4181679725646973,0.4254035472869873,6827.5,0.5956920146942138,1.7307758331298828,0.42968950271606443
30,0.33056304454803465,0.31887407302856446,1.541802215576172,0.5969124794006347,1.2480298042297364,0.3631622791290283
40,0.2717780351638794,0.27067742347717283,1.126089859008789,0.5351082801818847,1.016610336303711,0.3008995294570923
60,0.22496111392974855,0.2195363998413086,0.7781613349914551,0.48429622650146487,0.8744638442993165,0.2237201452255249
80,0.1868470072746277,0.18715964555740355,0.7173836708068848,0.4918252468109131,0.7807478904724121,0.19477500915527343
100,0.16949394941329957,0.1690690517425537,0.6578637599945069,0.45192646980285645,0.7400550842285156,0.19121004343032838
